tecId,cadernoNumero,banca,concurso,ano,classificacao_final,sublote_origem,APROVADA_PARA_PROXIMA_FASE,motivo_ressalva
3627565,201,"FEPESE","Pol Mun (Pref Chapecó)/Pref Chapecó/2025",2025,VALIDA,1,true,
3612926,202,"FUNDATEC","Eng (Porto Mauá)/Pref Porto Mauá/Agrônomo/2025",2025,VALIDA,1,true,
3607836,203,"Instituto AVALIA","Ag Pol Jud (PC MS)/PC MS/Escrivão de Polícia Judiciária/2025",2025,VALIDA,1,true,
3605267,204,"CEBRASPE (CESPE)","AJ (TJ PA)/TJ PA/Pedagogia/2025",2025,VALIDA,1,true,
3597162,207,"IBAM","GCM (S Vicente)/Pref São Vicente/2025",2025,VALIDA,1,true,
3596630,208,"IBAM","Or So (Pref Franca)/Pref Franca/2025",2025,VALIDA,1,true,
3850498,209,"FUNDATEC","AAd (Pref Imbé)/Pref Imbé/2025",2025,VALIDA,1,true,
3588587,211,"VUNESP","GM (Itatiba)/Pref Itatiba/2025",2025,VALIDA,1,true,
3586559,212,"Instituto ACCESS","ASoc (Pref Apiaí)/Pref Apiaí/2025",2025,VALIDA,1,true,
3585297,213,"VUNESP","ASoc (Pref Itatiba)/Pref Itatiba/2025",2025,VALIDA,1,true,
3574305,215,"CPCON UEPB","Edu (Pref Pombal)/Pref Pombal/Social/2025",2025,VALIDA,1,true,
3564240,217,"IGEDUC","ASoc (Pref Japaratinga)/Pref Japaratinga/2025",2025,VALIDA,1,true,
3543629,218,"ESMAL","Est (MPE PI)/MPE PI/Graduação/Serviço Social/2025",2025,VALIDA,1,true,
3543432,219,"ESMAL","Est (MPE PI)/MPE PI/Graduação/Psicologia/2025",2025,VALIDA,1,true,
3528682,220,"IDCAP","FTNS (SESAB)/SESAB/Assistente Social/2025",2025,VALIDA_COM_RESSALVA,1,true,
3520358,222,"FACAPE","Ed Soc (Pref Afrânio)/Pref Afrânio/2025",2025,VALIDA,1,true,
3517979,223,"OBJETIVA CONCURSOS","MTP (Pref Lapa)/Pref Lapa/2025",2025,VALIDA,1,true,
3502460,225,"OBJETIVA CONCURSOS","ASoc (Pref Vanini (RS))/Pref Vanini (RS)/2025",2025,VALIDA,1,true,
3501428,226,"CEV UECE","Sold (PM CE)/PM CE/2025",2025,DESATUALIZADA,1,false,
3500154,227,"CEBRASPE (CESPE)","Psic (PF)/PF/Clínico/2025",2025,VALIDA,1,true,
3497447,228,"COGEPS UNIOESTE","GM (Pref Cianorte)/Pref Cianorte/2025",2025,VALIDA,1,true,
3496113,229,"Instituto SECPLAN","GCM (Pref Pres Kennedy)/Pref Pres Kennedy/2025",2025,VALIDA,1,true,
3486856,231,"FUNDATEC","Sold Bomb (CBM RS)/CBM RS/2025",2025,VALIDA,1,true,
3486853,232,"FUNDATEC","Sold Bomb (CBM RS)/CBM RS/2025",2025,VALIDA,1,true,
3467391,235,"Instituto Consulplan","Ass Soc (Niterói Prev)/Niterói Prev/2025",2025,VALIDA,1,true,
3464975,236,"FUNDATEC","Cont (CRC RS)/CRC RS/2025",2025,VALIDA,1,true,
3459059,237,"Unifil","Op PS (Pref Alvorada do Sul)/Pref Alvorada do Sul/2025",2025,VALIDA,1,true,
3453660,238,"IBAM","GCM (Pref Arapiraca)/Pref Arapiraca/2025",2025,VALIDA_COM_RESSALVA,1,true,
3424637,240,"VUNESP","Cuid Soc (Itapevi)/Pref Itapevi/2025",2025,VALIDA_COM_RESSALVA,1,true,
3407936,241,"CEBRASPE (CESPE)","Ana (EMBRAPA)/EMBRAPA/Gestão de Pessoas/Saúde Ocupacional/2025",2025,VALIDA,1,true,
3379851,242,"AVANÇASP","Ori Soc (Pref Caieiras)/Pref Caieiras/2025",2025,VALIDA,1,true,
3379836,243,"AVANÇASP","Ori Soc (Pref Caieiras)/Pref Caieiras/2025",2025,VALIDA,1,true,
3375655,244,"FUNDATEC","Peda Soc (Pref Tangará da S)/Pref Tangará da S/2025",2025,VALIDA_COM_RESSALVA,1,true,
3374318,245,"CEBRASPE (CESPE)","Ana Min (MPE CE)/MPE CE/Direito/2025",2025,VALIDA,1,true,
3371310,246,"OBJETIVA CONCURSOS","ACS (Pref Horizontina)/Pref Horizontina/2025",2025,VALIDA,1,true,
3370534,248,"OBJETIVA CONCURSOS","Mon Soc (Pref Galvão)/Pref Galvão/2025",2025,VALIDA,1,true,
3849975,249,"FUNDATEC","Elet (Pref Imbé)/Pref Imbé/2025",2025,VALIDA,1,true,
3366976,251,"Instituto CONSULPAM","GM (Pref Chorozinho)/Pref Chorozinho/2025",2025,VALIDA,1,true,
3363055,252,"FUNDATEC","ASoc (Tangará S)/Pref Tangará da S/2025",2025,VALIDA_COM_RESSALVA,2,true,
3349908,253,"VUNESP","ASJ (TJ SP)/TJ SP/2025",2025,VALIDA_COM_RESSALVA,2,true,
3340738,254,"SELECON","Ass Soc (Pref Sinop)/Pref Sinop/2025",2025,VALIDA,2,true,
3259252,257,"FGV","Del Pol (PC MG)/PC MG/2025",2025,VALIDA,2,true,
3238223,258,"CEBRASPE (CESPE)","GAAPC (PC DF)/PC DF/Analista de Informática/Banco de Dados/2025",2025,VALIDA,2,true,
3237915,259,"CEBRASPE (CESPE)","AAAPC (PC DF)/PC DF/Agente Administrativo/2025",2025,VALIDA,2,true,
3824093,261,"Instituto ACCESS","ASoc (Pref Rodeiro)/Pref Rodeiro/2025",2025,VALIDA,2,true,
3168457,262,"FEPESE","Mon (Pref São José)/Pref São José/2024",2024,VALIDA_COM_RESSALVA,2,true,
3168235,263,"FEPESE","Cuid (Pref São José)/Pref São José/2024",2024,VALIDA,2,true,
3167673,265,"FGV","AJ (TJ RR)/TJ RR/Psicologia/2024",2024,VALIDA,2,true,
3164311,266,"Ibest","GCM (Pref Cristalina)/Pref Cristalina/2024",2024,VALIDA,2,true,
3169874,267,"VUNESP","GCM (Pref Peruíbe)/Pref Peruíbe/2024",2024,VALIDA,2,true,
3171586,268,"CEBRASPE (CESPE)","ACE (TC DF)/TC DF/Especializada/Arquivologia/2024",2024,VALIDA,2,true,
3163946,271,"IBADE","AssSoc (Pref Recife)/Pref Recife/2024",2024,VALIDA,2,true,
3163528,272,"IBADE","AssSoc (Pref Recife)/Pref Recife/2024",2024,VALIDA,2,true,
3178706,273,"ICECE","GM (Pref Aratuba)/Pref Aratuba/2024",2024,VALIDA,2,true,
3138220,276,"IGEDUC","Vig (CM Tuparetama)/CM Tuparetama/2024",2024,FORA_ESCOPO_LMP,2,false,"Bloco IGEDUC/Tuparetama-PE sobre violencia contra pessoa com deficiencia (texto-base + abandono em hospitais/casas de saude, materia do art. 90 da Lei 13.146/2015 - LBI); classificado no site de origem como Conhecimentos Gerais/Seguranca, nao como conteudo especifico da LMP. Preservado para eventual reaproveitamento futuro em conteudo de Pessoa com Deficiencia/Conhecimentos Gerais -- nao descartado definitivamente, apenas excluido deste lote de Lei Maria da Penha."
3138219,277,"IGEDUC","Vig (CM Tuparetama)/CM Tuparetama/2024",2024,FORA_ESCOPO_LMP,2,false,"Bloco IGEDUC/Tuparetama-PE sobre violencia contra pessoa com deficiencia (texto-base + abandono em hospitais/casas de saude, materia do art. 90 da Lei 13.146/2015 - LBI); classificado no site de origem como Conhecimentos Gerais/Seguranca, nao como conteudo especifico da LMP. Preservado para eventual reaproveitamento futuro em conteudo de Pessoa com Deficiencia/Conhecimentos Gerais -- nao descartado definitivamente, apenas excluido deste lote de Lei Maria da Penha."
3138217,278,"IGEDUC","Vig (CM Tuparetama)/CM Tuparetama/2024",2024,FORA_ESCOPO_LMP,2,false,"Bloco IGEDUC/Tuparetama-PE sobre violencia contra pessoa com deficiencia (texto-base + abandono em hospitais/casas de saude, materia do art. 90 da Lei 13.146/2015 - LBI); classificado no site de origem como Conhecimentos Gerais/Seguranca, nao como conteudo especifico da LMP. Preservado para eventual reaproveitamento futuro em conteudo de Pessoa com Deficiencia/Conhecimentos Gerais -- nao descartado definitivamente, apenas excluido deste lote de Lei Maria da Penha."
3135241,280,"Instituto Verbena","Estag (MPE GO)/MPE GO/Residência Jurídica/2024",2024,VALIDA,2,true,
3179836,281,"Instituto Consulplan","CCLar (Pref Esmeraldas)/Pref Esmeraldas/2024",2024,VALIDA,2,true,
3126303,282,"FAUEL","Psico (Pref Maringá)/Pref Maringá/2024",2024,VALIDA,2,true,
3125995,283,"ITAME","AASoc (Pref Acreúna)/Pref Acreúna/2024",2024,VALIDA,2,true,
3124680,285,"FAUEL","Ed Soc (Pref Maringá)/Pref Maringá/2024",2024,VALIDA_COM_RESSALVA,2,true,
3181496,286,"Instituto Consulplan","Ed Soc (Pref Esmeraldas)/Pref Esmeraldas/2024",2024,VALIDA,2,true,
3105580,287,"FGV","Psic (Pref Abreu e Lima)/Pref Abreu e Lima/2024",2024,VALIDA,2,true,
3105199,288,"Instituto AOCP","Esp SP (Pref Uberaba)/Pref Uberaba/Educador Social/2024",2024,VALIDA,2,true,
3199401,289,"CEBRASPE (CESPE)","Proc (MPTC DF)/TC DF/2024",2024,VALIDA,2,true,
3097617,291,"IBAM","GM (Pref Caruaru)/Pref Caruaru/2024",2024,VALIDA,2,true,
3097103,292,"OBJETIVA CONCURSOS","Ag Ap (Pref Maripá)/Pref Maripá/2024",2024,VALIDA,2,true,
3223384,293,"Instituto Verbena","Enf (Pref Rio Branco (AC))/Pref Rio Branco (AC)/Sem Área (30h e 40h)/2024",2024,VALIDA,2,true,
3096883,294,"OBJETIVA CONCURSOS","Tel (Pref Maripá)/Pref Maripá/2024",2024,VALIDA,2,true,
3229673,295,"FADESP","GCM (Pref Capanema (PA))/Pref Capanema (PA)/2024",2024,VALIDA,2,true,
3278936,298,"AVANÇASP","Coor (SM Arcanjo)/Pref SM Arcanjo/CRAS/2024",2024,VALIDA,2,true,
3279521,299,"AVANÇASP","Coor (SM Arcanjo)/Pref SM Arcanjo/CREAS/2024",2024,VALIDA,2,true,
3299190,300,"OBJETIVA CONCURSOS","At (Pref S Leopoldina)/Pref S Leopoldina/2024",2024,VALIDA,2,true,
3094833,301,"OBJETIVA CONCURSOS","Ag (Pref Maripá)/Pref Maripá/Comunitário de Saúde/2024",2024,VALIDA,2,true,
3299442,303,"FUNDATEC","GM (Pref Foz do Iguaçu)/Pref Foz do Iguaçu/2024",2024,VALIDA,2,true,
3315926,304,"FEPESE","Ori Soc (Pref Mafra)/Pref Mafra/2024",2024,VALIDA_COM_RESSALVA,3,true,"Lista fechada das 5 modalidades classicas sem hedge -- gabarito A permanece o unico plausivel; precisa de nota sobre o inciso VI (violencia vicaria, Lei 15.384/2026)."
3321050,305,"FUNDATEC","Aux Cont (Pref Giruá)/Pref Giruá/2024",2024,DADOS_INSUFICIENTES_VISUAL,3,false,"DADOS_INSUFICIENTES_VISUAL: enunciado depende de uma ""manchete"" (imagem/print de noticia) referenciada mas nao extraivel do PDF de origem. Busca confirmada: (1) nenhum arquivo .pdf existe em lugar nenhum do repositorio local (Glob **/*.pdf = 0 resultados); (2) o .txt bruto extraido por pdftotext -layout (supabase/_lote2_txt/caderno_201 ao 400.txt, linhas 1767-1780) mostra que a linha ""305) Analise a manchete abaixo:"" salta direto para o enunciado da pergunta, sem nenhum texto intermediario -- a imagem nao tem camada de texto (nao foi OCRizada). Gabarito C (Fisica) nao pode ser confirmado nem refutado sem o conteudo visual. NAO IMPORTAR. Preservada no inventario para eventual recuperacao futura (ex.: se o PDF original for localizado/re-adquirido e puder ser OCRizado)."
3322429,306,"FUNDEP","Ag Soc (Pref Cordisburgo)/Pref Cordisburgo/2024",2024,VALIDA,3,true,
3324743,308,"AVANÇASP","Coord (Pref Laranjal Pta)/Pref Laranjal Pta/Centro de Referência da Assistência Social - CRAS/2024",2024,VALIDA,3,true,
3085547,309,"VUNESP","CSoc (Pref Osasco)/Pref Osasco/2024",2024,VALIDA,3,true,
3324785,310,"AVANÇASP","Coord (Pref Laranjal Pta)/Pref Laranjal Pta/Centro de Referência Especializada da Assistência Social - CREAS/2024",2024,VALIDA,3,true,
3083884,311,"CEBRASPE (CESPE)","Ass Soc (CAGEPA)/CAGEPA/2024",2024,VALIDA,3,true,
3324796,312,"AVANÇASP","Coord (Pref Laranjal Pta)/Pref Laranjal Pta/Centro de Referência Especializada da Assistência Social - CREAS/2024",2024,VALIDA,3,true,
3338000,314,"SELECON","Vis Soc (Pref Nova Mutum)/Pref Nova Mutum/2024",2024,VALIDA,3,true,
3077866,315,"VUNESP","GM (Pref SJRP)/Pref SJRP/2024",2024,VALIDA,3,true,
3073912,316,"FEPESE","ASE (Pref Brusque)/Pref Brusque/2024",2024,VALIDA,3,true,
3392823,319,"MS (SARMENTO)","Ass Soc (Pref Tabocão)/Pref Tabocão/2024",2024,VALIDA_COM_RESSALVA,3,true,
3415068,320,"OBJETIVA CONCURSOS","ASoc (Pref Lebon Régis)/Pref Lebon Régis/2024",2024,VALIDA,3,true,
3072118,321,"MS (SARMENTO)","ASoc (Pref Potim)/Pref Potim/2024",2024,VALIDA,3,true,
3417429,324,"UNESC","AEdu (Pref Cunhatai)/Pref Cunhatai/2024",2024,VALIDA,3,true,
2759639,325,"FGV","Res (TJ RJ)/TJ RJ/Psicólogo/2024",2024,VALIDA,3,true,
2770925,326,"IBFC","GM (Pref Manaus)/Pref Manaus/2024",2024,VALIDA,3,true,
2789972,327,"CEBRASPE (CESPE)","Prof NU Jr (ITAIPU)/ITAIPU/Assistente Social/2024",2024,VALIDA,3,true,
3449398,328,"INSTITUTO MAIS","Ag Fisc (CRESS 9)/CRESS 9 (SP)/2024",2024,VALIDA,3,true,
3055885,329,"UFMT","Psic (Pref Campos de Júlio)/Pref Campos de Júlio/Sem Área/2024",2024,VALIDA,3,true,
3055293,330,"OBJETIVA CONCURSOS","TEnf (Pref Pato Bragado)/Pref Pato Bragado/2024",2024,VALIDA,3,true,
3050257,332,"FGV","Aud CE (TCE-PA)/TCE PA/Administrativa/Psicologia/2024",2024,VALIDA,3,true,
3039026,333,"FUNDATEC","Ag Con (Pref Londrina)/Pref Londrina/Funerário/2024",2024,VALIDA,3,true,
3031784,334,"OBJETIVA CONCURSOS","ACS (Pref Vila Boa)/Pref Vila Boa/2024",2024,VALIDA,3,true,
2812702,335,"Instituto Consulplan","Prom Jus (MPE SC)/MPE SC/2024",2024,VALIDA_COM_RESSALVA,3,true,"Preambulo do enunciado cita erroneamente ""Estatuto da Crianca e do Adolescente, Lei no 8.069/1990"" como lei de referencia, mas todo o conteudo e sobre Lei Maria da Penha. Gabarito (Errado -- lista do art.7 e exemplificativa, nao taxativa) fica ainda mais solido com o inciso VI de 2026."
3021691,337,"OBJETIVA CONCURSOS","Enf (Pref Nonoai)/Pref Nonoai/2024",2024,VALIDA,3,true,
3014724,338,"OBJETIVA CONCURSOS","Fono (Pref Jaguariaíva)/Pref Jaguariaíva/2024",2024,VALIDA,3,true,
3007260,341,"ITAME","ASoc (Pref C Dourada (GO))/Pref C Dourada (GO)/2024",2024,VALIDA,3,true,
3509833,342,"OBJETIVA CONCURSOS","Ag (Pref Guaraniaçu)/Pref Guaraniaçu/Comunitário de Saúde/2024",2024,VALIDA,3,true,
2826549,345,"AVANÇASP","Ag (Pref Laranjal P)/Pref Laranjal Pta/Social/2024",2024,VALIDA,3,true,
2826587,346,"AVANÇASP","Ag (Pref Laranjal P)/Pref Laranjal Pta/Social/2024",2024,VALIDA,3,true,
3532980,347,"IDECAN","ASoc (PB Saúde)/PB Saúde/2024",2024,VALIDA,3,true,
3575952,349,"ADM&TEC","ASoc (Pref São L Quitunde)/Pref São L Quitunde/2024",2024,VALIDA,3,true,
2983066,350,"FGV","GM (Pref Vitória)/Pref Vitória/2024",2024,VALIDA,3,true,
2983038,351,"CEBRASPE (CESPE)","ASoc (Pref Cach Itapemirim)/Pref Cach Itapemirim/2024",2024,VALIDA,3,true,
2983032,352,"CEBRASPE (CESPE)","ASoc (Pref Cach Itapemirim)/Pref Cach Itapemirim/2024",2024,VALIDA,3,true,
3595916,354,"FUNDATEC","ASoc (Pref Alegria)/Pref Alegria/2024",2024,VALIDA,3,true,
2968027,355,"ITAME","Ag (Pref SLM Belos)/Pref SLM Belos/Comunitário de Saúde/2024",2024,VALIDA,3,true,
3595917,356,"FUNDATEC","ASoc (Pref Alegria)/Pref Alegria/2024",2024,VALIDA,4,true,
3596067,357,"FUNDATEC","Coz (Pref Alegria)/Pref Alegria/2024",2024,VALIDA,4,true,
2966706,359,"Instituto Consulplan","Cuid Soc (Pref SM Jetibá)/Pref SM Jetibá/2024",2024,VALIDA,4,true,
3630576,360,"FUNDATEC","Ass Soc (CM Passo Sobrado)/CM Passo Sobrado/2024",2024,VALIDA,4,true,
2962308,361,"IBADE","Ass Soc (Pref Jaru)/Pref Jaru/2024",2024,VALIDA,4,true,
3630969,362,"FUNDATEC","ASG (CM Passo Sobrado)/CM Passo Sobrado/2024",2024,VALIDA,4,true,
2955765,364,"Instituto Consulplan","Ori Soc (Pref Espera Feliz)/Pref Espera Feliz/2024",2024,VALIDA,4,true,
3682521,365,"CPCON UEPB","Ass Sc (Soledade PB)/Pref Soledade (PB)/2024",2024,VALIDA,4,true,
2955256,366,"Legalle","CTSP (BM RS)/BM RS/2024",2024,VALIDA,4,true,
2941057,368,"AVANÇASP","Coor CRAS (Pref Lorena)/Pref Lorena/2024",2024,VALIDA,4,true,
2847969,369,"FUNDATEC","ASoc (Pref Alpestre)/Pref Alpestre/2024",2024,VALIDA_COM_RESSALVA,4,true,"Lista fechada das 5 modalidades classicas sem hedge (""entre outras""/""algumas"") -- gabarito A permanece o unico plausivel entre as opcoes dadas (as demais sao falsas por outros motivos, nenhuma menciona vicaria); precisa de nota sobre o inciso VI (Lei 15.384/2026)."
2932376,372,"IGEDUC","GM (Pref Arcoverde)/Pref Arcoverde/2024",2024,VALIDA,4,true,
2932194,373,"IGEDUC","GM (Pref Arcoverde)/Pref Arcoverde/2024",2024,VALIDA,4,true,
2932188,374,"IGEDUC","GM (Pref Arcoverde)/Pref Arcoverde/2024",2024,VALIDA,4,true,
2847886,375,"FUNDATEC","Serv (CM Alpestre)/CM Alpestre/2024",2024,VALIDA,4,true,
2924320,376,"FGV","Psic (Pref Caraguatatuba)/Pref Caraguatatuba/30h/2024",2024,VALIDA,4,true,
2919563,379,"MS (SARMENTO)","ASoc Sau (Pref Adustina)/Pref Adustina/2024",2024,VALIDA,4,true,
2910137,380,"FGV","Tec NS (TJ MS)/TJ MS/Psicologia/2024",2024,VALIDA,4,true,
2904890,381,"VUNESP","ASoc (Pref Santo André)/Pref Santo André/2024",2024,VALIDA,4,true,
2898378,383,"Instituto ACCESS","GM (Cariacica)/Pref Cariacica/2024",2024,VALIDA,4,true,
2842551,384,"IVIN","GM (Pref Curuçá)/Pref Curuçá/2024",2024,VALIDA,4,true,
2859577,385,"IGEDUC","GM (Pref B Jardim)/Pref Belo Jardim/2024",2024,VALIDA,4,true,
2859690,386,"IGEDUC","GM (Pref Garanhuns)/Pref Garanhuns/2024",2024,VALIDA,4,true,
2861901,387,"RBO","GC (Pref Cotia)/Pref Cotia/2024",2024,VALIDA,4,true,
2890074,389,"FUNCERN","GCM (Pref Parnamirim)/Pref Parnamirim (RN)/2024",2024,VALIDA,4,true,
2862259,390,"FUNDATEC","Ag (Pref Paulo Bento)/Pref Paulo Bento/Administrativo/Sem Especialidade/2024",2024,VALIDA,4,true,
2840121,391,"FUNDATEC","Ag (Pref Jari)/Pref Jari/Combate às Endemias/2024",2024,VALIDA,4,true,
2877475,392,"FGV","AJ (TJ AP)/TJ AP/Apoio Especializado/Psicólogo/2024",2024,VALIDA,4,true,
2718877,394,"IBAM","CSoc (Pref Guarujá (SP))/Pref Guarujá (SP)/2023",2023,VALIDA_COM_RESSALVA,4,true,"Artefato de OCR/extracao: numeros romanos II e III aparecem grafados ""Il"" e ""llI"" no enunciado e nas alternativas (""Il e IlI, apenas."" etc). Conteudo e gabarito corretos; precisa so de limpeza de texto (normalizar numeracao romana) antes de importar."
3622849,396,"URI","ASoc (Pref Entre-Ijuís)/Pref Entre-Ijuís/2023",2023,VALIDA,4,true,
3603257,399,"SELECON","ASoc (Pref Nova Mutum)/Pref Nova Mutum/2023",2023,VALIDA,4,true,
3534524,401,"FUNDATEC","ASoc (IPASEM CB)/IPASEM CB/2023",2023,VALIDA,4,true,
3260966,402,"COSEAC UFF","Ed Soc (FEMAR)/FEMAR/2023",2023,VALIDA,4,true,
3169677,403,"OBJETIVA CONCURSOS","Enf (Pref Roque Gonzales)/Pref Roque Gonzales/2023",2023,VALIDA,4,true,
3093006,404,"Instituto AOCP","2º Ten Adm (PM DF)/PM DF/2023",2023,VALIDA,4,true,
3062789,406,"FURB","Edu (Pref Blumenau)/Pref Blumenau/Social/Atuação em Transporte Escolar/2023",2023,VALIDA,4,true,
3057596,407,"Fundação La Salle","MVet (Pref Serafina Corrêa)/Pref Serafina Corrêa/20h/2023",2023,VALIDA_COM_RESSALVA,4,true,"Artefato de OCR/extracao no enunciado: ""Janice esta sofrendo escola d violencia domestica"" -- trecho ""escola d"" e residuo de extracao, provavel colisao com texto de layout do PDF. Conteudo e gabarito (E, patrimonial) corretos e claros pelo resto do enunciado; precisa de limpeza de texto antes de importar."
3000783,408,"Instituto Consulplan","GCM (Pref Astolfo Dutra)/Pref Astolfo Dutra/Feminino/2023",2023,VALIDA,4,true,
2976888,410,"EPL Concursos","ASoc (Pref Sta Rita (PB))/Pref Sta Rita (PB)/2023",2023,VALIDA,5,true,
2925122,412,"IBFC","ASoc (EBSERH)/HU Brasil/2023",2023,VALIDA,5,true,
2891542,413,"IGEDUC","ASoc (Pref Pombos)/Pref Pombos/Secretaria de Educação/2023",2023,VALIDA,5,true,
2890917,414,"NTCS","GCM (Pref SJ da Baliza)/Pref SJ da Baliza/2023",2023,VALIDA,5,true,
2885524,416,"NTCS","GCM (Pref Bonfim RR)/Pref Bonfim (RR)/2023",2023,VALIDA,5,true,
2885113,417,"FAU UNICENTRO","Ass Soc (UNIOESTE)/UNIOESTE/2023",2023,VALIDA,5,true,
2881886,418,"EDUCA PB","CEAE (Pref Pilões)/Pref Pilões/2023",2023,PROBLEMATICA,5,false,"Erro de gabarito da banca de origem (EDUCA PB, Pilões-PB/2023), confirmado na propria grade oficial extraida do PDF (""418) C""). O enunciado lista ""IV. A violencia social"" como um dos itens candidatos e o gabarito C marca TODOS os 6 itens (I-VI) como corretos, incluindo o item IV -- mas ""violencia social"" nunca foi categoria do art.7 da LMP, nem antes nem depois da Lei 15.384/2026 (que acrescentou vicaria, nao social). Nao e questao de vicaria/atualizacao legislativa -- e erro de premissa/gabarito da fonte original. Nao importar com este gabarito."
2880201,419,"EDUCA PB","ASoc (Pref Pilões)/Pref Pilões/2023",2023,VALIDA,5,true,
2873346,420,"IGEDUC","ASoc (Pref Pombos)/Pref Pombos/Secretaria de Assistência Social/2023",2023,VALIDA,5,true,
2872545,421,"IGEDUC","Ori Soc (Pref Ingá)/Pref Ingá/2023",2023,VALIDA,5,true,
2872477,422,"IGEDUC","Ori Soc (Pref Ingá)/Pref Ingá/2023",2023,VALIDA,5,true,
2872471,423,"IGEDUC","Ori Soc (Pref Ingá)/Pref Ingá/2023",2023,VALIDA,5,true,
2852647,425,"ASSEGE","ASoc (Pref Aramari)/Pref Aramari/2023",2023,VALIDA,5,true,
2844317,426,"GSA","GCM (Pref Itapetininga)/Pref Itapetininga/2023",2023,VALIDA,5,true,
2844316,427,"GSA","GCM (Pref Itapetininga)/Pref Itapetininga/2023",2023,VALIDA,5,true,
2832645,430,"FUNDATEC","ASG (CM Sapucaia do Sul)/CM Sapucaia do Sul/2023",2023,DADOS_INSUFICIENTES_VISUAL,5,false,"DADOS_INSUFICIENTES_VISUAL: enunciado depende de ""Figura 1"", print de noticia do Jornal Pioneiro (24/10/2017), referenciada mas nao extraivel do PDF. Confirmado no .txt bruto (supabase/_lote2_txt/caderno_401 ao 600.txt, linhas 549-561): a linha ""430) Leia a noticia da Figura 1 abaixo:"" e seguida apenas por ""Figura 1 / Fonte: Jornal Pioneiro (24/10/2017)"" sem nenhum texto da noticia em si -- imagem sem camada de texto/OCR. Gabarito A (Sexual) nao pode ser confirmado nem refutado sem o conteudo visual. NAO IMPORTAR. Preservada no inventario para eventual recuperacao futura."
2832187,432,"FUNDATEC","Ag (Água de Ivoti)/Água de Ivoti/Administrativo/2023",2023,VALIDA,5,true,
2832030,433,"INSTITUTO MAIS","GM (Pref Cosmópolis)/Pref Cosmópolis/2023",2023,VALIDA,5,true,
2831105,434,"FUNDATEC","Serv (CM Agudo)/CM Agudo/2023",2023,VALIDA,5,true,
2830572,435,"FUNDATEC","Aux Leg (CM Agudo)/CM Agudo/2023",2023,VALIDA,5,true,
2828648,437,"FCC","AJ (TJ BA)/TJ BA/Apoio Especializado/Pedagogo/2023",2023,VALIDA,5,true,
2824698,438,"AVANÇASP","OSoc (Pref Itapecerica S)/Pref Itapecerica S/2023",2023,VALIDA,5,true,
2822362,439,"FCC","AJ (TJ BA)/TJ BA/Apoio Especializado/Assistente Social/2023",2023,VALIDA,5,true,
2813039,440,"INTEGRI BRASIL","GC (Pref Socorro)/Pref Socorro/Estagiário/2023",2023,VALIDA,5,true,
2755533,443,"IVIN","CSS (Pref Valença do PI)/Pref Valença do PI/2023",2023,VALIDA,5,true,
2749394,444,"SELECON","Mon Soc (Pref Pri do Leste)/Pref Pri do Leste/2023",2023,VALIDA,5,true,
2739031,445,"IGEDUC","GM (Pref Surubim)/Pref Surubim/2023",2023,VALIDA,5,true,
2736918,446,"IGEDUC","GM (Pref SV Férrer)/Pref SV Férrer/2023",2023,VALIDA,5,true,
2736792,447,"IGEDUC","GM (Pref SV Férrer)/Pref SV Férrer/2023",2023,VALIDA,5,true,
2736747,448,"IGEDUC","GM (Pref SV Férrer)/Pref SV Férrer/2023",2023,VALIDA,5,true,
2735885,449,"IDECAN","GC (Pref Serra)/Pref Serra (ES)/2023",2023,VALIDA,5,true,
2666495,450,"IGEDUC","ASoc (Pref Triunfo (PE))/Pref Triunfo (PE)/Todas as áreas/2023",2023,VALIDA,5,true,
2664350,451,"IGEDUC","GM (Pref Triunfo (PE))/Pref Triunfo (PE)/2023",2023,VALIDA,5,true,
2641353,454,"FAUEL","GCM (Pref Sengés)/Pref Sengés/2023",2023,DESATUALIZADA,5,false,"DESATUALIZADA: o enunciado pede explicitamente a alternativa que representa ""TODAS AS FORMAS de violencia domestica... DE ACORDO COM OS REFERIDOS INCISOS DO ART. 7"" -- uma alegacao de completude que e o proprio nucleo testado, nao um detalhe periferico. O gabarito B lista apenas as 5 modalidades classicas; nenhuma das 4 alternativas inclui a violencia vicaria (inciso VI, Lei 15.384/2026), entao NAO HA alternativa totalmente correta sob a lei vigente em 2026 -- mesmo padrao do caderno 226 do sub-lote 1."
2641121,455,"ADM&TEC","OSoc (Pref Timbaúba)/Pref Timbaúba/2023",2023,VALIDA,5,true,
2634262,456,"IGEDUC","ASoc (Tupanatinga)/Pref Tupanatinga/2023",2023,VALIDA,5,true,
2634226,457,"IGEDUC","ASoc (Tupanatinga)/Pref Tupanatinga/2023",2023,VALIDA,5,true,
2629049,459,"ADM&TEC","ASoc (Pref Timbaúba)/Pref Timbaúba/2023",2023,VALIDA,5,true,
2622322,460,"FUNDATEC","Ana Sup (CAU RS)/CAU RS/Sem Área/2023",2023,VALIDA,6,true,
2614560,461,"Legalle","AnaDP (DPE PA)/DPE PA/Serviço Social/2023",2023,VALIDA,6,true,
2596117,463,"ITAME","Ag (Pref Nazário)/Pref Nazário/Saúde/2023",2023,VALIDA,6,true,
2596087,464,"ITAME","Ag (Pref Nazário)/Pref Nazário/Combate às Endemias/2023",2023,VALIDA,6,true,
2593846,465,"VUNESP","AgDP (DPE SP)/DPE SP/Cientista Social - Sociólogo/2023",2023,VALIDA,6,true,
2591112,466,"VUNESP","AgDP (DPE SP)/DPE SP/Analista de Suporte/2023",2023,VALIDA,6,true,
2582271,469,"Unifil","Educ (Pref Tamarana)/Pref Tamarana/2023",2023,VALIDA,6,true,
2561017,471,"FUNDATEC","AST (PROCERGS)/PROCERGS/Técnico em Administração/2023",2023,VALIDA,6,true,
2542430,473,"FUNDATEC","MVP (N Santa Rita)/Pref N Sta Rita (RS)/2023",2023,VALIDA,6,true,
2542301,474,"FUNDATEC","Almo (N Santa Rita)/Pref N Sta Rita (RS)/2023",2023,VALIDA,6,true,
2540801,475,"ITAME","OSoc (Montividiu)/Pref Montividiu/2023",2023,VALIDA,6,true,
2538852,477,"OBJETIVA CONCURSOS","ACS (Pref Igrejinha)/Pref Igrejinha/2023",2023,VALIDA,6,true,
2509323,478,"Instituto AOCP","Ana (MPE MS)/MPE MS/Direito/2023",2023,VALIDA,6,true,
2507084,479,"Instituto Consulplan","Ag Adm (FEPAM RS)/FEPAM RS/Assistente Administrativo/2023",2023,VALIDA,6,true,
2505220,480,"FUNCERN","ASo (Bom Jesus (RN))/Pref Bom Jesus (RN)/2023",2023,VALIDA,6,true,
2465385,483,"CEBRASPE (CESPE)","Psic (São Cristóvão)/Pref São Cristóvão/2023",2023,VALIDA,6,true,
2459962,486,"FUNDATEC","ACS (Pref Porto Alegre)/Pref Porto Alegre/2023",2023,VALIDA,6,true,
2456904,487,"CEBRASPE (CESPE)","GCM (Boa Vista)/Pref Boa Vista/2023",2023,VALIDA,6,true,
2439366,488,"AVANÇASP","OSoc (SM Arcanjo)/Pref SM Arcanjo/2023",2023,VALIDA,6,true,
2433362,490,"AVANÇASP","Coor (SM Arcanjo)/Pref SM Arcanjo/CRAS/2023",2023,VALIDA,6,true,
2427258,491,"VUNESP","Ag (Pref Peruíbe)/Pref Peruíbe/Desenvolvimento Social/2023",2023,VALIDA,6,true,
2421550,492,"CEBRASPE (CESPE)","Ana (CNMP)/CNMP/Apoio Jurídico/Direito/2023",2023,VALIDA,6,true,
2421358,493,"IBFC","Esp S (Pref Cuiabá)/Pref Cuiabá/Psicólogo/2023",2023,VALIDA,6,true,
2402566,494,"Instituto Consulplan","ADS (SEAS RO)/SEAS RO/Psicologia/2023",2023,VALIDA_COM_RESSALVA,6,true,"Questao interpretativa sobre se as 5 formas classicas sao exemplificativas (""entre outras""). Gabarito nao factualmente errado, mas conceitualmente confuso (violencia politica de genero tem lei propria; violencia espiritual ja e coberta por psicologica via ""crencas""). Precisa de explicacao cuidadosa."
2401831,495,"Instituto Consulplan","Ana Tec (MPE BA)/MPE BA/Serviço Social/2023",2023,VALIDA,6,true,
2394908,496,"VUNESP","Cd Soc (Sertãozinho)/Pref Sertãozinho SP/2023",2023,VALIDA,6,true,
2377110,499,"FGV","AnaP MPE SP/MPE SP/Saúde e Assistência Social/Assistente Social/2023",2023,VALIDA,6,true,
2348578,500,"FCC","Sold (CBM BA)/CBM BA/2023",2023,VALIDA,6,true,
2284098,503,"IDECAN","Sold (PM CE)/PM CE/2023",2023,PROBLEMATICA_GABARITO_AMBIGUO,6,false,"PROBLEMATICA_GABARITO_AMBIGUO: reauditoria especifica confirmou que as alternativas D (""vitima exige genero feminino, que nao se confunde com sexo feminino"") e E (""agressor sem restricao de genero"", gabarito original) sao AMBAS verdadeiras sob a jurisprudencia vigente em 2026 (aplicacao da LMP a mulheres trans; irrelevancia do genero do agressor). Nao ha detalhe textual em D que a torne falsa. Questao de resposta unica com duas alternativas corretas -- gabarito ambiguo da fonte original (IDECAN, Sold PM CE/2023). Retirada do lote valido."
1864840,504,"FGV","Insp Pol (PC RJ)/PC RJ/2022",2022,VALIDA,6,true,
2257406,505,"FEPESE","ASoc (Pref Pinhalzi)/Pref Pinhalzinho-SC/2022",2022,VALIDA_COM_RESSALVA,6,true,"Artefato de OCR em alternativa distratora: ""Lei no 741, de 01/10/2003"" faltando prefixo ""10."" (deveria ser 10.741/2003). Nao afeta o gabarito (C). Precisa de limpeza de texto."
2267556,506,"CEBRASPE (CESPE)","AJ TRT8/TRT 8/Apoio Especializado/Serviço Social/2022",2022,VALIDA,6,true,
2294132,508,"FCC","Prof (SEC BA)/SEC BA/Ciências da Natureza/Física/2022",2022,VALIDA,6,true,
3369909,509,"INDEPAC","GCM (Pref Cajamar)/Pref Cajamar/3ª Classe/2022",2022,VALIDA,6,true,
2299772,510,"OBJETIVA CONCURSOS","Ag (Pref Nova Hartz)/Pref Nova Hartz/Comunitário de Saúde/2022",2022,VALIDA,6,true,
2315573,511,"COGEPS UNIOESTE","ESoc (Pref Barracão)/Pref Barracão/2022",2022,VALIDA,6,true,
2433843,512,"Instituto Verbena","Ed Soc (Pref GYN)/Pref GYN/2022",2022,VALIDA_COM_RESSALVA,6,true,"Enunciado cita ""Lei complementar n. 150/2015"" (trabalho domestico, sem relacao com o conteudo testado) -- provavel erro de citacao da fonte. Gabarito (B, transcricao literal do art.5 caput) continua correto."
2325983,514,"IBADE","Sarg (PM PB)/PM PB/Combatente/2022",2022,VALIDA,6,true,
2335471,515,"IBFC","Psico (SESACRE)/SESACRE/2022",2022,VALIDA,7,true,
2362857,516,"CETAP","ASoc (Inhangapi)/Pref Inhangapi/2022",2022,VALIDA_COM_RESSALVA,7,true,"Artefato de OCR: caractere ""|"" solto no meio da definicao de familia (""comunidade | formada""). Conteudo e gabarito (A) corretos, precisa de limpeza de texto."
2367602,517,"IBFC","AJ (TJ MG)/TJ MG/Assistente Social/2022",2022,VALIDA,7,true,
2670955,518,"MS (SARMENTO)","AssSo (Pref Cáceres)/Pref Cáceres/2022",2022,VALIDA,7,true,
2432000,519,"AVANÇASP","Ag (Pref Laranjal P)/Pref Laranjal Pta/Social/2022",2022,VALIDA_COM_RESSALVA,7,true,"Typo no enunciado: ""Lei Marinha da Penha"" ao inves de ""Lei Maria da Penha"". Nao afeta compreensao nem gabarito (B, fisica), mas precisa de correcao antes de importar."
2382101,520,"QUADRIX","Ag Fis (CRESS 24)/CRESS 24 (AP)/2022",2022,VALIDA,7,true,
2041592,521,"FCC","Ana JD (DPE AM)/DPE AM/Ciências Jurídicas/2022",2022,VALIDA,7,true,
2385631,523,"FUNDATEC","Tec (Pref Viamão)/Pref Viamão/Agrícola/2022",2022,VALIDA,7,true,
2386767,524,"FUNDATEC","Aux (Pref Viamão)/Pref Viamão/Infraestrutura/2022",2022,VALIDA,7,true,
2758525,525,"FAURGS","Esp Sau (SES RS)/SES RS/Biomédico/2022",2022,VALIDA,7,true,
2388014,526,"FUNDATEC","ASoc (Pref Viamão)/Pref Viamão/2022",2022,VALIDA,7,true,
2402474,528,"IBFC","Ag Sg Sc (SEJUSP MG)/SEJUSP MG/2022",2022,VALIDA,7,true,
2394305,529,"SUSTENTE","Estag (TJ PE)/TJ PE/Pedagogia/2022",2022,VALIDA,7,true,
2065317,532,"CEBRASPE (CESPE)","ASoc (Pires do Rio)/Pref Pires do Rio/2022",2022,VALIDA,7,true,
2027140,533,"IMPARH","Educ Soc (SDHDS)/Pref Fortaleza/2022",2022,VALIDA,7,true,
1938847,536,"CEBRASPE (CESPE)","Del Pol (PC RJ)/PC RJ/2022",2022,VALIDA,7,true,
2028702,537,"IMPARH","PTNS (SDHDS)/Pref Fortaleza/Serviço Social/2022",2022,VALIDA_COM_RESSALVA,7,true,"Lista fechada das 5 modalidades classicas sem hedge (""apresenta as formas... prevista na Lei""). Gabarito C permanece o unico plausivel (demais opcoes sao garbage/categorias fake), mas precisa de nota sobre o inciso VI."
1938433,538,"VUNESP","GCM (Pref Osasco)/Pref Osasco/2022",2022,VALIDA,7,true,
2075466,541,"FGV","ES (SEMSA Manaus)/Pref Manaus/Psicólogo/2022",2022,VALIDA,7,true,
1928354,542,"FGV","Alun Of (PM AM)/PM AM/2022",2022,VALIDA,7,true,
2075819,543,"INSTITUTO MAIS","Adm (FASE RS)/FASE RS/2022",2022,VALIDA,7,true,
2882851,545,"APLICATIVA","G.C.M (Pref SJR Pardo)/Pref SJR Pardo/2022",2022,VALIDA,7,true,
2835434,546,"IBFC","Orien Soc (Pref Dourados)/Pref Dourados/2022",2022,VALIDA,7,true,
2747380,547,"IVIN","Aux (Pref Estreito)/Pref Estreito/Cuidador Social/2022",2022,VALIDA,7,true,
1916562,548,"CEBRASPE (CESPE)","TDP (DPE RO)/DPE RO/Oficial de Diligência/2022",2022,VALIDA,7,true,
2142842,550,"VUNESP","GCM (Sertãozinho)/Pref Sertãozinho SP/2022",2022,VALIDA,7,true,
2547891,551,"SELECON","Ped Soc (Pref LRV)/Pref L do Rio Verde/2022",2022,VALIDA,7,true,
2142851,552,"VUNESP","GCM (Sertãozinho)/Pref Sertãozinho SP/2022",2022,VALIDA,7,true,
2155740,553,"IBFC","Escr (PC BA)/PC BA/2022",2022,VALIDA,7,true,
2547846,554,"SELECON","Ped Soc (Pref LRV)/Pref L do Rio Verde/2022",2022,VALIDA,7,true,
3095409,556,"EJUD PI","Estag (TJ PI)/TJ PI/Psicologia/2022",2022,VALIDA_COM_RESSALVA,7,true,"Enunciado afirma explicitamente que o art.7 ""define CINCO formas de violencia"" -- alegacao de contagem desatualizada desde a Lei 15.384/2026 (sao 6). Mas o NUCLEO testado e um exercicio de correspondencia (sequencia numerica) entre 5 definicoes especificas e seus nomes, que nao depende do total ser 5 ou 6 -- nenhuma das 5 categorias trabalhadas muda, e vicaria nao aparece como opcao. Mesmo criterio usado no caderno 240 do sub-lote 1: gabarito da sequencia continua correto, mas a frase de abertura precisa de nota explicando que hoje sao 6 formas."
2063625,557,"Instituto AOCP","Sold (PM GO)/PM GO/Combatente/2022",2022,VALIDA,7,true,
3095795,559,"EJUD PI","Estag (TJ PI)/TJ PI/Serviço Social/2022",2022,VALIDA,7,true,
2167453,560,"FCM","CEFETMINAS - Ass Sc (Pref SC Esc)/Pref Sta C Escalvado/2022",2022,VALIDA,7,true,
3095842,562,"EJUD PI","Estag (TJ PI)/TJ PI/Serviço Social/2022",2022,VALIDA,7,true,
2176431,565,"VUNESP","Ana Prev (IPSM SJC)/IPSM SJC/Assistente Social/2022",2022,VALIDA,7,true,
2180185,566,"FGV","Pol Pen (DEPEN MG)/DEPEN MG/2022",2022,VALIDA_COM_RESSALVA,7,true,"Typo no enunciado: ""Lei no 11.340/2016"" -- ano errado (a LMP e de 2006, nao 2016). Conteudo (definicoes I-III) e gabarito (E, todas corretas) permanecem certos; precisa de correcao da data antes de importar."
1912214,567,"CEBRASPE (CESPE)","ADP (DPE RO)/DPE RO/Assistência Social/2022",2022,VALIDA,7,true,
1940683,568,"FGV","Del Pol (PC AM)/PC AM/4ª Classe/2022",2022,VALIDA,8,true,
2185202,569,"VUNESP","Psic (Pref Sorocaba)/Pref Sorocaba/2022",2022,VALIDA,8,true,
2189154,570,"Instituto ACCESS","Adv (Ouro Branco)/Pref Ouro Branco/CREAS/2022",2022,VALIDA,8,true,
2193756,571,"FAU UNICENTRO","OSoc (Pref QN)/Pref QN/2022",2022,VALIDA,8,true,
2201325,573,"VUNESP","GCM (Pref Sto André)/Pref Santo André/2022",2022,VALIDA,8,true,
2748613,575,"IVIN","CSoc (Pref Estreito)/Pref Estreito/2022",2022,VALIDA,8,true,
2506653,576,"ITAME","Ag Sau (Pref Guapó)/Pref Guapó/2022",2022,VALIDA,8,true,
2505524,578,"FUNDATEC","AEI (Paim Filho)/Pref Paim Filho/2022",2022,VALIDA,8,true,
2230482,579,"FCC","DP MT/DPE MT/2022",2022,VALIDA,8,true,
2233524,580,"FUMARC","AJ TRT3/TRT 3/Apoio Especializado/Serviço Social/2022",2022,VALIDA,8,true,
2797871,583,"COPS UEL","GCM (Londrina)/Pref Londrina/2022",2022,VALIDA,8,true,
2488487,584,"FUNDATEC","TecBib (Pref Esteio)/Pref Esteio/2022",2022,VALIDA,8,true,
1903198,585,"FUNDATEC","AGS (IPE Saúde)/IPE Saúde/Administração/2022",2022,VALIDA,8,true,
2065314,586,"CEBRASPE (CESPE)","ASoc (Pires do Rio)/Pref Pires do Rio/2022",2022,VALIDA,8,true,
3098121,587,"NC UFPR (FUNPAR)","Ed Soc (FAS)/FAS/2022",2022,VALIDA,8,true,
2233844,588,"IBFC","Ana (DPE MT)/DPE MT/Psicólogo/2022",2022,VALIDA_COM_RESSALVA,8,true,"Typo na alternativa correta (gabarito): ""bens, valores e direitos AOS recursos economicos"" -- deveria ser ""OU recursos economicos"". Nao afeta a compreensao nem o gabarito (A, patrimonial), mas precisa de correcao de texto antes de importar."
2233923,589,"IDECAN","Sold (PM MS)/PM MS/2022",2022,VALIDA,8,true,
2472313,590,"OBJETIVA CONCURSOS","ACS (Pref Nv Araçá)/Pref Nova Araçá/2022",2022,VALIDA_COM_RESSALVA,8,true,"Lista fechada das 5 modalidades classicas sem hedge (""Fisica, psicologica, sexual, patrimonial e moral, ocorrida entre relacoes pessoais, independente de orientacao sexual""). Gabarito C permanece o unico plausivel entre as opcoes (as demais negam categorias ou impoem condicoes falsas), mas precisa de nota sobre o inciso VI."
2252856,592,"AOCP","Educ Soc (Pinhais)/Pref Pinhais/2022",2022,VALIDA,8,true,
1882009,593,"FGV","Inv Pol (PC RJ)/PC RJ/2022",2022,VALIDA,8,true,
1876273,594,"FGV","TPN (PC RJ)/PC RJ/2022",2022,VALIDA,8,true,
1865334,595,"FGV","DP MS/DPE MS/2022",2022,VALIDA,8,true,
1748369,597,"QUADRIX","Ag Fisc (CRESS PB)/CRESS 13 (PB)/2021",2021,VALIDA,8,true,
1725434,598,"VUNESP","OrS (Pref F Vasconc)/Pref F Vasconcelos/2021",2021,VALIDA,8,true,
1748372,599,"QUADRIX","Ag Fisc (CRESS PB)/CRESS 13 (PB)/2021",2021,VALIDA,8,true,
1978066,600,"GUALIMP","OSoc (CL Gasparian)/Pref CL Gasparian/2021",2021,VALIDA,8,true,
1975391,601,"IBADE","Sarg (CBM PB)/CBM PB/2021",2021,VALIDA,8,true,
1632410,602,"IDIB","Sarg (PM ES)/PM ES/2021",2021,VALIDA,8,true,
1748613,603,"IBADE","Adv (IAPEN AC)/IAPEN AC/2021",2021,VALIDA,8,true,
2608460,605,"ADM&TEC","GM (Pref Cp Alegre)/Pref Campo Alegre/2021",2021,VALIDA,8,true,
3092375,608,"IBGP","ASoc (Pref Dores do Indaiá)/Pref Dores do Indaiá/2021",2021,VALIDA,8,true,
1729002,609,"OBJETIVA CONCURSOS","TEnf (Horizontina)/Pref Horizontina/2021",2021,VALIDA,8,true,
1922765,610,"FGV","Psic (Pref Paulínia)/Pref Paulínia/2021",2021,VALIDA,8,true,
1677930,612,"FUNDATEC","GM (Pref Tramandaí)/Pref Tramandaí/2021",2021,VALIDA,8,true,
1682434,613,"CEBRASPE (CESPE)","Ana Min (MPE AP)/MPE AP/Serviço Social/2021",2021,VALIDA,8,true,
1697143,614,"FCM","CEFETMINAS - ASoc (Bela Vista MG)/Pref B Vista MG/Departamento de Assistência Social/2021",2021,VALIDA,8,true,
1703864,616,"CEV URCA","GM (Pref Crato)/Pref Crato/2021",2021,VALIDA,8,true,
2476827,617,"OBJETIVA CONCURSOS","ACS (Pref SJ do Sul)/Pref SJ do Sul/2021",2021,VALIDA,8,true,
1767323,618,"OBJETIVA CONCURSOS","TEnf (Travesseiro)/Pref Travesseiro/2021",2021,VALIDA,9,true,
1789562,620,"FGV","AJ (TJ RO)/TJ RO/Oficial de Justiça/2021",2021,VALIDA,9,true,
1820927,621,"AVANÇASP","Ag (Pref Laranjal P)/Pref Laranjal Pta/Social/2021",2021,VALIDA,9,true,
1819323,622,"OBJETIVA CONCURSOS","TEnf (Cel Martins)/Pref Cel Martins/2021",2021,VALIDA,9,true,
1818982,625,"OBJETIVA CONCURSOS","Psic (Pref Cerro L)/Pref Cerro Largo/2021",2021,VALIDA,9,true,
1817995,626,"FCC","Ass Soc (TJ SC)/TJ SC/2021",2021,VALIDA,9,true,
2371648,627,"Instituto CONSULPAM","GM (Cascavel CE)/Pref Cascavel (CE)/2021",2021,VALIDA,9,true,
1817277,629,"OBJETIVA CONCURSOS","Ag Met (TRENSURB)/TRENSURB/2021",2021,VALIDA,9,true,
1725316,630,"VUNESP","ASoc (Pref F Vascon)/Pref F Vasconcelos/Sistema Único de Assistência Social/2021",2021,DESATUALIZADA,9,false,"DESATUALIZADA: enunciado pergunta explicitamente ""Quais sao TODAS AS FORMAS POSSIVEIS de violencia domestica e familiar ELENCADAS NESTE ARTIGO?"" -- alegacao de completude que e o nucleo do que e testado. Gabarito B lista apenas as 5 classicas; nenhuma das 5 alternativas inclui violencia vicaria (inciso VI, Lei 15.384/2026). Mesmo padrao dos cadernos 226 (sub-lote1) e 454 (sub-lote5)."
3381120,631,"VUNESP","GCM (Pref Jaguariúna)/Pref Jaguariúna/2021",2021,VALIDA,9,true,
2222540,632,"FEPESE","ASoc (Caxambu Sul)/Pref Caxambu do Sul/2021",2021,VALIDA,9,true,
1522392,634,"OBJETIVA CONCURSOS","Odon (N Itaberaba)/Pref Nova Itaberaba/2021",2021,VALIDA,9,true,
1746968,635,"IESES","NeR (TJ RO)/TJ RO/Remoção/2021",2021,VALIDA,9,true,
2144537,636,"IDECAN","GCM (Campina Gde)/Pref Campina Gde/2021",2021,VALIDA,9,true,
2041005,638,"Legalle","ASoc (Pref D Francisca)/Pref D Francisca/2021",2021,VALIDA,9,true,
1472244,640,"Instituto AOCP","AgePen (SEJUC RR)/SEJUC RR/2020",2020,VALIDA,9,true,
1759848,641,"FUNCERN","GM (Monte Alegre RN)/Pref Monte Alegre RN/2020",2020,VALIDA,9,true,
1728363,644,"Marinha","QT (Marinha)/Marinha/Serviço Social/2020",2020,VALIDA_COM_RESSALVA,9,true,"Cenario descreve 3 colegas de trabalho dividindo aluguel por conveniencia financeira (""Em comum acordo com dois colegas, decidiram residir juntos, dividindo as despesas""), sem qualquer mencao a consideracao de parentesco. O gabarito C afirma que a violencia ""pode ser configurada... no ambito da familia E DA UNIDADE DOMESTICA"" -- mas os fatos dados so sustentam claramente o ambito UNIDADE DOMESTICA (convivio permanente, com ou sem vinculo familiar); a extensao ao ambito FAMILIA nao e apoiada pelos fatos (nao ha indicio de que se consideram aparentados). A conclusao central (LMP se aplica) e a rejeicao das demais alternativas permanecem corretas; so a dupla fundamentacao em ambos os ambitos precisa de nota cuidadosa."
1410147,645,"VUNESP","GCM (F Vasconcelos)/Pref F Vasconcelos/2020",2020,VALIDA,9,true,
1256097,647,"VUNESP","Coo (Pref Cananéia)/Pref Cananéia/Centro de Referência e Assistência Social/2020",2020,VALIDA,9,true,
1121086,649,"CEBRASPE (CESPE)","AJ (TJ PA)/TJ PA/Psicologia/2020",2020,VALIDA_COM_RESSALVA,9,true,"Item III afirma que ""a legislacao estipula como tipologias de violencia domestica a fisica, a psicologica, a sexual, a moral e a patrimonial"" sem hedge (""entre outras""/""algumas""). Gabarito (apenas III correto) permanece valido pois III nao afirma que essas sao as UNICAS tipologias, so as lista como tipologias reais -- mesmo criterio usado no caderno 240 do sub-lote 1. Precisa de nota sobre o inciso VI."
1972388,650,"FUNDATEC","ACS (Pref Porto Alegre)/Pref Porto Alegre/2020",2020,VALIDA,9,true,
1221585,651,"Instituto AOCP","ASoc (N Hamburgo)/Pref Novo Hamburgo/2020",2020,VALIDA,9,true,
1501575,654,"EDUCA PB","ASoc (Pref C Índios)/Pref C dos Índios/2020",2020,VALIDA,9,true,
1317126,655,"IDIB","GM (Araguaína)/Pref Araguaína/2020",2020,VALIDA,9,true,
3844720,657,"CONTEMAX","Ass Soc (Pref Alagoa Nova)/Pref Alagoa Nova/2020",2020,VALIDA,9,true,
1501361,658,"EDUCA PB","CEI (Pref Cabedelo)/Pref Cabedelo/2020",2020,VALIDA,9,true,
1326308,661,"VUNESP","ASoc (EBSERH HC-UFU)/HU Brasil HC-UFU/2020",2020,VALIDA,9,true,
1292573,662,"GUALIMP","Ori Soc (Pref Areal)/Pref Areal/2020",2020,VALIDA,9,true,
1107602,663,"SELECON","GCM (Boa Vista)/Pref Boa Vista/2020",2020,VALIDA,9,true,
1282163,666,"OBJETIVA CONCURSOS","ASoc (P Bandeira)/Pref Pinto Bandeira/2019",2019,VALIDA,9,true,
1284855,667,"CONTEMAX","ASoc (Pref Aroeiras)/Pref Aroeiras/2019",2019,VALIDA,9,true,
1288406,668,"OBJETIVA CONCURSOS","ACS (Pref SJ Ouro)/Pref SJ do Ouro/2019",2019,VALIDA,9,true,
1289766,669,"OBJETIVA CONCURSOS","CSoc (Pref SJ Ouro)/Pref SJ do Ouro/2019",2019,VALIDA,9,true,
1598117,671,"FURB","ASoc (Guabiruba/Pref Guabiruba/2019",2019,VALIDA,9,true,
1597203,672,"FURB","Ag (Pref Guabiruba)/Pref Guabiruba/Educação Social/2019",2019,VALIDA,9,true,
1724591,673,"Marinha","QT (Marinha)/Marinha/Serviço Social/2019",2019,VALIDA,9,true,
1334760,674,"FAFIPA","GCM (Pref Araucária)/Pref Araucária/2019",2019,VALIDA,9,true,
1357302,676,"OBJETIVA CONCURSOS","PedS (Pref A Olinto)/Pref Antonio Olinto/2019",2019,VALIDA,10,true,
1045390,677,"Unifil","Cuid (Pref Tupãssi)/Pref Tupãssi/2019",2019,VALIDA,10,true,
1376386,678,"ADM&TEC","ASoc (Pref T Vilela)/Pref Teotônio Vilela/2019",2019,VALIDA,10,true,
1376388,679,"ADM&TEC","ASoc (Pref T Vilela)/Pref Teotônio Vilela/2019",2019,VALIDA,10,true,
2283191,680,"URI","Ass (Pref Santo Ângelo)/Pref Santo Ângelo/2019",2019,VALIDA,10,true,
1404259,681,"FCM","CEFETMINAS - ASoc (Caranaíba)/Pref Caranaíba/2019",2019,VALIDA,10,true,
1212588,682,"QUADRIX","Ass Soc (Pref Jataí)/Pref Jataí/2019",2019,VALIDA,10,true,
1046929,685,"Unifil","OrSoc (Pref Tupãssi)/Pref Tupãssi/2019",2019,VALIDA,10,true,
1494137,686,"VUNESP","ACSoc (Pref Osasco)/Pref Osasco/2019",2019,VALIDA,10,true,
1176323,687,"CEBRASPE (CESPE)","JL (TJ BA)/TJ BA/2019",2019,VALIDA,10,true,
1046931,688,"Unifil","OrSoc (Pref Tupãssi)/Pref Tupãssi/2019",2019,VALIDA,10,true,
1121194,690,"VUNESP","Proc Jur (ESEF)/ESEF/2019",2019,VALIDA,10,true,
1529642,691,"OBJETIVA CONCURSOS","Aux (Pref Chapecó)/Pref Chapecó/Enfermagem/2019",2019,VALIDA,10,true,
1746129,692,"EJUD PI","Estag (TJ PI)/TJ PI/Serviço Social/2019",2019,VALIDA,10,true,
1120050,694,"CEV UECE","Ana Gt (Pref Sobral)/Pref Sobral/Serviço Social/2019",2019,VALIDA,10,true,
900149,695,"IBFC","GCM (Conde-PB)/Pref Conde (PB)/3ª Classe/2019",2019,VALIDA,10,true,
908463,697,"CEBRASPE (CESPE)","Ana GRS (SLU DF)/SLU DF/Serviço Social/2019",2019,VALIDA,10,true,
916362,699,"OBJETIVA CONCURSOS","Age (Pref Tramandaí)/Pref Tramandaí/Comunitário de Saúde/2019",2019,VALIDA,10,true,
880260,700,"Instituto Excelência","ASCAPS (Barra Velha)/Pref Barra Velha/2019",2019,VALIDA,10,true,
878134,701,"VUNESP","JE TJAC/TJ AC/2019",2019,VALIDA,10,true,
864454,702,"IADES","Tec Ges (SEASTER PA)/SEASTER PA/Assistente Social/2019",2019,VALIDA,10,true,
930933,704,"CONTEMAX","Ass Soc (Pref Conceição)/Pref Conceição/2019",2019,VALIDA,10,true,
864404,705,"IADES","Enf (SEASTER PA)/SEASTER PA/2019",2019,VALIDA,10,true,
1553250,708,"FAUEL","ESoc (Jandaia Sul)/Pref Jandaia do Sul/2019",2019,VALIDA_COM_RESSALVA,10,true,"Enunciado afirma ""A Lei Maria da Penha configura CINCO formas de violencia..., entre elas a violencia patrimonial"" antes de pedir um EXEMPLO especifico de violencia patrimonial (gabarito B, retencao de documentos pessoais). O nucleo testado (identificar um exemplo de patrimonial) nao depende do total ser 5 ou 6 -- mesmo criterio dos cadernos 556 e 649. Precisa de nota sobre o inciso VI."
945439,709,"FGV","PAI (Pref Salvador)/Pref Salvador/Psicólogo/2019",2019,VALIDA,10,true,
1109990,710,"FAUEL","Ori Soc (Mandaguari)/Pref Mandaguari/2019",2019,VALIDA,10,true,
2561747,714,"FAUEL","ASoc (Guarapuava)/Pref Guarapuava/2019",2019,VALIDA,10,true,
1592281,715,"PRÓ-MUNICÍPIO","ASoc (OSHCP HCP)/OSHCP/2019",2019,VALIDA,10,true,
2083452,716,"Fundação La Salle","ADM (PROCERGS)/PROCERGS/2019",2019,VALIDA,10,true,
1102992,718,"EDUCA PB","ASoc (Pref Várzea)/Pref Várzea (PB)/2019",2019,VALIDA,10,true,
1650406,719,"FURB","Edu (Pref Blumenau)/Pref Blumenau/Social/2019",2019,VALIDA,10,true,
1068583,721,"FAUEL","ASoc (Pref H Serpa)/Pref Honório Serpa/2019",2019,VALIDA,10,true,
1016975,723,"VUNESP","GM (Pref Cerquilho)/Pref Cerquilho/2019",2019,VALIDA,10,true,
1028270,725,"VUNESP","GM (Pref Campinas)/Pref Campinas/2019",2019,VALIDA,10,true,
1270278,727,"OBJETIVA CONCURSOS","Enf (S Martinho S)/Pref S Martinho da S/2019",2019,VALIDA,10,true,
1284278,731,"OBJETIVA CONCURSOS","TEnf (P Bandeira)/Pref Pinto Bandeira/2019",2019,VALIDA,10,true,
732886,732,"IBADE","Sold (PM RN)/PM RN/QPPM (Praças)/2018",2018,VALIDA,10,true,
605453,734,"FCC","Ana JD (DPE AM)/DPE AM/Ciências Jurídicas/2018",2018,VALIDA,10,true,
715864,735,"IADES","Sold (PM DF)/PM DF/Corneteiro/2018",2018,VALIDA,11,true,
609444,736,"Instituto AOCP","Per (ITEP RN)/ITEP RN/Criminal/Psicologia/2018",2018,VALIDA,11,true,
715436,737,"FCC","Edu Sc (Pref Macapá)/Pref Macapá/2018",2018,VALIDA,11,true,
692312,740,"IBADE","Ana Prev (IPM JP)/IPM JP/Assistente Social/2018",2018,VALIDA,11,true,
1410217,744,"FAUEL","Ass S (Pref Maringá)/Pref Maringá/CRAS/2018",2018,VALIDA,11,true,
2474830,746,"IBADE","AssS (Pref Cujubim)/Pref Cujubim/2018",2018,VALIDA,11,true,
641989,747,"IBFC","Adv AS (Divinópolis)/Pref Divinópolis/2018",2018,VALIDA,11,true,
1453101,748,"CEV URCA","AsSoc (Pref Mauriti)/Pref Mauriti/2018",2018,VALIDA,11,true,
1336891,750,"IMPARH","PTNS (SDHDS)/Pref Fortaleza/Direito/2018",2018,VALIDA,11,true,
609855,752,"Instituto AOCP","Per (ITEP RN)/ITEP RN/Criminal/Psicologia/2018",2018,VALIDA,11,true,
593247,753,"CEBRASPE (CESPE)","DP PE/DPE PE/2018",2018,VALIDA,11,true,
700539,754,"Instituto Verbena","Ass Soc (CM GYN)/CM GYN/2018",2018,VALIDA_COM_RESSALVA,11,true,"Enunciado ""esta lei estabelece as SEGUINTES formas de violencia"" (sem hedge). Gabarito B (fisica,psicologica,sexual,patrimonial,moral) permanece o unico plausivel -- as demais alternativas incluem termos fake (biologica, homofobica, bullying). Precisa de nota sobre o inciso VI."
824300,758,"FGR","Ass Soc (Cab Grande)/Pref Cab Grande/2018",2018,VALIDA,11,true,
1159254,759,"QUADRIX","Psic OF (CRP17)/CRP 17 (RN)/2018",2018,VALIDA,11,true,
659284,760,"NUCEPE UESPI","Per OC (PC PI)/PC PI/Médico Legista/Geral/2018",2018,VALIDA,11,true,
590553,762,"CEBRASPE (CESPE)","Of Inv Pol (PC MA)/PC MA/Escrivão/2018",2018,VALIDA,11,true,
693760,763,"IBADE","Of (CBM PB)/CBM PB/Administrativo/2018",2018,VALIDA,11,true,
1742664,764,"EJUD PI","Estag (TJ PI)/TJ PI/Serviço Social/2018",2018,VALIDA,11,true,
1742605,765,"EJUD PI","Estag (TJ PI)/TJ PI/Serviço Social/2018",2018,VALIDA,11,true,
1838228,768,"PRORH UFTM","Med (UFTM)/UFTM/Preceptoria/2018",2018,PROBLEMATICA,11,false,"PROBLEMATICA -- erro de gabarito confirmado contra a fonte oficial. Conferida a grade de gabarito extraida do PDF (supabase/_lote2_txt/caderno_601 ao 800.txt, linha 3871: ""768) D"") -- nao e erro de parsing, e o proprio exame original (PRORH UFTM) que marca ""d) Privacao de liberdade"" como correta, em vez de ""c) Violencia patrimonial"", que e literalmente uma das formas NOMEADAS pelo art.7 (inciso IV). ""Privacao de liberdade"" nao e nome de nenhuma categoria do art.7 -- na melhor leitura possivel, seria uma parafrase solta de ""limitacao do direito de ir e vir"", que e apenas UM dos meios listados dentro da definicao de violencia PSICOLOGICA (art.7,II), nao um nome de forma. Nao importar com este gabarito."
692699,769,"IBADE","Sarg (CBM PB)/CBM PB/2018",2018,VALIDA,11,true,
898922,770,"FUNDATEC","TSA (SULGÁS)/SULGÁS/2018",2018,VALIDA,11,true,
899211,772,"FUNDATEC","TNM (SULGÁS)/SULGÁS/2018",2018,VALIDA,11,true,
700121,773,"Instituto Verbena","Ag (CM GYN)/CM GYN/Segurança do Plenário/2018",2018,VALIDA,11,true,
733044,777,"FCC","Ana Min (MPE PE)/MPE PE/Auditoria/2018",2018,VALIDA,11,true,
2412513,778,"AMEOSC","Ass So (Pref Bandeirante-SC)/Pref Bandeirante SC/2018",2018,VALIDA,11,true,
690078,779,"FAURGS","Tec TI (BANRISUL)/BANRISUL/Segurança da Tecnologia da Informação/2018",2018,VALIDA,11,true,
1742568,781,"EJUD PI","Estag (TJ PI)/TJ PI/Serviço Social/2018",2018,VALIDA,11,true,
927126,782,"MS (SARMENTO)","Ag Tec AS (SAP SP)/SAP SP/Psicólogo/2018",2018,VALIDA,11,true,
515305,783,"IBFC","Sold (PM BA)/PM BA/2017",2017,VALIDA,11,true,
567933,784,"IBADE","Aux Nec (PC AC)/PC AC/2017",2017,VALIDA,11,true,
631048,787,"IESES","Papilo (PCien SC)/PCien SC/2017",2017,VALIDA,11,true,
656448,788,"CRS (PM MG)","Sold (PM MG)/PM MG/Combatente/2017",2017,VALIDA,11,true,
611952,789,"NUCEPE UESPI","Pol Pen (SEJUS PI)/SEJUS PI/2017",2017,VALIDA,11,true,
595063,790,"FAFIPA","Edu Fis (Marialva)/Pref Marialva/NASF/2017",2017,VALIDA,11,true,
573818,791,"IBADE","Ana Prev (IPERON)/IPERON/Assistente Social/2017",2017,VALIDA,11,true,
1242331,792,"CRS (PM MG)","Of (PM MG)/PM MG/Enfermagem/2017",2017,VALIDA,11,true,
1060218,793,"Instituto ANIMA","Ed Soc (SMDS Itajaí)/Pref Itajaí/2017",2017,VALIDA,11,true,
450311,795,"IBFC","Tec Reg (AGERBA)/AGERBA/2017",2017,VALIDA,12,true,
1910402,796,"CONSULPLAN","CHO (PMPA)/PM PA/Administração/""Sem Especialidade""/2017",2017,VALIDA,12,true,
324465,797,"CEBRASPE (CESPE)","Ass Soc (DPU)/DPU/2016",2016,VALIDA,12,true,
1550212,798,"OBJETIVA CONCURSOS","AnLeg (CM Sta Maria)/CM Santa Maria/Advocacia/2016",2016,VALIDA,12,true,
1376661,800,"CETREDE","Enf (Pref Trairi)/Pref Trairi/Hospital/2016",2016,VALIDA,12,true,
2145965,801,"INSTITUTO BRASIL","Ass Soc (IF MS)/IF MS/2016",2016,VALIDA,12,true,
451012,802,"FAURGS","APJ (TJ RS)/TJ RS/Apoio Especializado/Psicologia/2016",2016,VALIDA,12,true,
383459,803,"FGV","NAC UNI OAB/OAB/2016",2016,VALIDA,12,true,
581287,805,"COSEAC UFF","Ag (Pref Niterói)/Pref Niterói/Coordenação de Turno/2016",2016,VALIDA,12,true,
1035445,806,"IDECAN","EdSoc (Damianópolis)/Pref Damianópolis/2016",2016,VALIDA,12,true,
431992,807,"VUNESP","Cd Soc (Sertãozinho)/Pref Sertãozinho SP/2016",2016,VALIDA,12,true,
1170994,810,"IMPARH","Psic (SMS)/Pref Fortaleza/2016",2016,VALIDA,12,true,
1074239,812,"Legalle","ASoc (Pref Portão)/Pref Portão/2016",2016,VALIDA,12,true,
1193737,813,"CEV UECE","CSoc (Pref Tianguá)/Pref Tianguá/2016",2016,VALIDA_COM_RESSALVA,12,true,"Erro de citacao de dispositivo no enunciado: diz ""em seu artigo 6, elenca as distintas formas em que se pode materializar a violencia"" -- mas quem elenca as formas de violencia (fisica, psicologica, sexual, patrimonial, moral, e agora vicaria) e o ART.7, nao o art.6 (que trata apenas de ""constitui uma das formas de violacao dos direitos humanos""). O conteudo testado (definicao de violencia moral = calunia/difamacao/injuria, gabarito C) permanece correto; precisa so de correcao do numero do artigo antes de importar."
2155906,814,"CETREDE","Enf (Pref Caucaia)/Pref Caucaia/2016",2016,VALIDA,12,true,
329092,815,"BIO-RIO","Psico (Mangaratiba)/Pref Mangaratiba/2016",2016,VALIDA,12,true,
284952,817,"FGV","ADP (DPE RO)/DPE RO/Analista em Psicologia/2015",2015,VALIDA,12,true,
301540,819,"SMA-RJ (antiga FJG)","Ana Leg (CM RJ)/CM RJ/Assistência Social/2015",2015,VALIDA,12,true,
317011,820,"IBFC","Ana RC (JUCEB)/JUCEB/2015",2015,VALIDA,12,true,
328682,824,"FCC","AgDP (DPE SP)/DPE SP/Assistente Social/2015",2015,VALIDA,12,true,
490443,825,"IBFC","AGPM (PM MG)/PM MG/Serviço Social/2015",2015,VALIDA,12,true,
519856,827,"Instituto AOCP","Ass Soc (Pref Angra)/Pref Angra/2015",2015,VALIDA,12,true,
522597,828,"FAURGS","Ass Soc (HCPA)/HCPA/2015",2015,VALIDA,12,true,
752666,829,"COPESE UFPI","GM (Pref Teresina)/Pref Teresina/2015",2015,VALIDA,12,true,
1207493,832,"FUNDEPES COPEVE-UFAL","GM (Pref Inhapi)/Pref Inhapi/2015",2015,VALIDA,12,true,
1216016,833,"CAIPIMES","GCM (Pref Botucatu)/Pref Botucatu/2015",2015,VALIDA,12,true,
2004977,835,"AMEOSC","Ass Soc (CRESIM)/CRESIM/2015",2015,VALIDA,12,true,
2642067,836,"IDECAN","Sarg (CBM PB)/CBM PB/Combatente/2015",2015,VALIDA,12,true,
2642131,837,"IDECAN","Cab (CBM PB)/CBM PB/Combatente/2015",2015,VALIDA,12,true,
3089749,839,"FAFIPA","PSP (Londrina)/Pref Londrina/Serviço de Psicologia/2015",2015,VALIDA,12,true,
3089752,840,"FAFIPA","PSP (Londrina)/Pref Londrina/Serviço de Psicologia/2015",2015,VALIDA,12,true,
3089753,841,"FAFIPA","PSP (Londrina)/Pref Londrina/Serviço de Psicologia/2015",2015,VALIDA,12,true,
3089754,842,"FAFIPA","PSP (Londrina)/Pref Londrina/Serviço de Psicologia/2015",2015,VALIDA,12,true,
3089935,843,"FAFIPA","TSP (Pref Londrina)/Pref Londrina/Assistência de Enfermagem/2015",2015,VALIDA,12,true,
3089951,845,"FAFIPA","TSP (Pref Londrina)/Pref Londrina/Assistência de Enfermagem/2015",2015,VALIDA,12,true,
3089967,846,"FAFIPA","TSP (Pref Londrina)/Pref Londrina/Assistência de Enfermagem/2015",2015,VALIDA,12,true,
3089970,847,"FAFIPA","TSP (Pref Londrina)/Pref Londrina/Assistência de Enfermagem/2015",2015,VALIDA,12,true,
553711,848,"CEC","GCM (Ponta Grossa)/Pref Ponta Grossa/2014",2014,VALIDA,12,true,
2048497,849,"COGEPS UNIOESTE","Ass Soc (Pref Umuarama)/Pref Umuarama/2014",2014,VALIDA,13,true,
972388,852,"FUNRIO","Ass Soc (IF BA)/IF BA/2014",2014,VALIDA,13,true,
3882721,853,"Instituto Verbena","Psic (Goianésia)/Pref Goianésia/2014",2014,VALIDA,13,true,
341627,854,"IMPARH","PTNS (SETRA)/Pref Fortaleza/Terapia Ocupacional/2014",2014,VALIDA,13,true,
857904,856,"FUNDEP","Ass AF (CAU MG)/CAU MG/2014",2014,VALIDA,13,true,
279250,857,"INCAB (ex-FUNCAB)","Psico (SEMCAS)/Pref Rio Branco (AC)/2014",2014,VALIDA_COM_RESSALVA,13,true,"Enunciado afirma ""sao descritos CINCO TIPOS de violencia"" antes de pedir a definicao especifica de patrimonial (gabarito D). Nucleo testado nao depende do total ser 5 ou 6 -- mesmo criterio de 556/649/708."
792974,858,"FGR","GCM (Pref Brumadinho)/Pref Brumadinho/2014",2014,VALIDA,13,true,
265894,859,"FGV","AJ (TJ RJ)/TJ RJ/Assistencial/Psicólogo/2014",2014,VALIDA,13,true,
165367,861,"CEBRASPE (CESPE)","Ass Soc (SUFRAMA)/SUFRAMA/2014",2014,VALIDA,13,true,
480350,862,"ACAFE","Del Pol (PC SC)/PC SC/2014",2014,VALIDA,13,true,
279277,866,"INCAB (ex-FUNCAB)","Ass Soc (SEMCAS)/Pref Rio Branco (AC)/2014",2014,VALIDA,13,true,
203731,867,"FUNDATEC","ATRE (SEFAZ RS)/SEFAZ RS/2014",2014,VALIDA_COM_RESSALVA,13,true,"Assertiva III usa o termo ""A VIOLACAO domestica contra a mulher constitui uma das formas de violacao dos direitos humanos"" (confirmado no .txt bruto e na grade de gabarito -- nao e erro de parser) -- ""violacao domestica"" nao e termo definido pela lei (o termo correto e ""violencia domestica""). O gabarito (B, apenas item II) exclui III, sugerindo que a troca de palavra e o motivo. Precisa de nota explicando essa nuance de terminologia antes de fundamentar a explicacao."
846397,868,"COMPEC IFPB","Ass Alu (IF PB)/IF PB/2013",2013,VALIDA_COM_RESSALVA,13,true,"Lista fechada das 5 modalidades classicas sem hedge (""sao legalmente consideradas como tipos de violencia""). Gabarito D permanece o unico plausivel (demais opcoes tem termos fake: matrimonial, etico-moral, opressao). Precisa de nota sobre o inciso VI."
495253,870,"ESPP","Ass Soc (MPE PR)/MPE PR/2013",2013,VALIDA,13,true,
496087,872,"ESPP","Psico (MPE PR)/MPE PR/2013",2013,VALIDA_COM_RESSALVA,13,true,"Typo no enunciado: ""O Artigo 50"" ao inves de ""Artigo 5o"" (leitura incorreta de OCR do simbolo de grau). Conteudo e gabarito (D) corretos; precisa de correcao antes de importar."
655963,874,"CRS (PM MG)","Sold (PM MG)/PM MG/Combatente/2013",2013,VALIDA,13,true,
390507,875,"ZAMBINI","GM (Itatiba)/Pref Itatiba/2013",2013,VALIDA,13,true,
190643,876,"FCC","AJ TRT15/TRT 15/Apoio Especializado/Serviço Social/2013",2013,VALIDA,13,true,
157050,878,"CEBRASPE (CESPE)","Ag Pol (PC DF)/PC DF/2013",2013,VALIDA,13,true,
3243557,879,"INCAB (ex-FUNCAB)","ASoc (Pref Cacoal)/Pref Cacoal/PAIF/2013",2013,VALIDA,13,true,
3243658,880,"INCAB (ex-FUNCAB)","ASoc (Pref Cacoal)/Pref Cacoal/PRÓ-JOVEM/2013",2013,VALIDA,13,true,
156749,881,"CEBRASPE (CESPE)","Esc Pol (PC DF)/PC DF/2013",2013,VALIDA,13,true,
3500525,885,"FADURPE","Ass Soc (Pref Arapiraca)/Pref Arapiraca/2013",2013,VALIDA,13,true,
118034,886,"CEBRASPE (CESPE)","PRF/PRF/2013",2013,VALIDA,13,true,
495261,888,"ESPP","Ass Soc (MPE PR)/MPE PR/2013",2013,VALIDA,13,true,
113946,890,"CEBRASPE (CESPE)","Escr (PC BA)/PC BA/2013",2013,VALIDA,13,true,
1247792,891,"FCC","ASPM (PM MG)/PM MG/2012",2012,VALIDA,13,true,
695273,894,"CEBRASPE (CESPE)","Esc Pol (PC AL)/PC AL/2012",2012,VALIDA,13,true,
935683,895,"KLC","ASoc (Alto Piquiri)/Pref Alto Piquiri/2012",2012,VALIDA_COM_RESSALVA,13,true,"Lista fechada das 5 modalidades sem hedge (""formas de violencia domestica... previstas nesta lei""). Gabarito E permanece o unico plausivel. Precisa de nota sobre o inciso VI."
695269,896,"CEBRASPE (CESPE)","Esc Pol (PC AL)/PC AL/2012",2012,VALIDA,13,true,
262768,897,"FEC","Insp Pol (PC RJ)/PC RJ/2012",2012,VALIDA,13,true,
2762921,899,"CEBRASPE (CESPE)","AJ (TJ RO)/TJ RO/Oficial de Justiça/2012",2012,VALIDA,13,true,
552858,900,"CEBRASPE (CESPE)","AJ (TJ AC)/TJ AC/Judiciária/Direito/2012",2012,VALIDA,13,true,
579133,903,"FCC","ANE (SEE MG)/SEE MG/Inspetor Escolar/2012",2012,FORA_ESCOPO_LMP,13,false,"FORA_ESCOPO_LMP -- fundamentacao corrigida. O enunciado trata GENERICAMENTE (sem especificar genero) da violencia sexual contra criancas e adolescentes, situando o fenomeno na decada de 1990. O ECA e exatamente de 1990 e corresponde cronologica e tematicamente ao contexto descrito; a LMP e de 2006. Por isso, NESTA questao especifica, a alternativa ECA (b) e compativel com o enunciado e o gabarito LMP (a) e inadequado -- confirmado contra a grade de gabarito oficial extraida do PDF (nao e erro de parser). IMPORTANTE: essa conclusao NAO se apoia na premissa de que a LMP se restringe a mulheres adultas -- pelo Tema Repetitivo 1.186/STJ, ja estabelecido nesta auditoria (base das exclusoes de ids 1337 e 1340 no Lote 1), a LMP pode sim incidir em violencia domestica e familiar contra vitima do genero feminino mesmo sendo crianca ou adolescente. A exclusao aqui e por descompasso cronologico e tematico do enunciado especifico (que fala de criancas e adolescentes em geral, nos anos 1990, remetendo ao ECA), nao por incompatibilidade categorica entre LMP e vitimas menores de idade."
1015282,904,"Instituto Verbena","GM (Aparecida GO)/Pref Aparecida GO/2012",2012,VALIDA,13,true,
330684,905,"BIO-RIO","Ass Soc (Mesquita)/Pref Mesquita/2012",2012,VALIDA,13,true,
1569268,909,"FCC","Ana Min (MPE AP)/MPE AP/Psicologia/2012",2012,VALIDA_COM_RESSALVA,13,true,"""a lei conceitua expressamente as SEGUINTES formas de violencia"" -- lista fechada sem hedge quanto ao total de modalidades. Gabarito C permanece o unico plausivel. Precisa de nota sobre o inciso VI."
835467,910,"FADESP","Ana Jur (MPE PA)/MPE PA/2012",2012,VALIDA,13,true,
316649,911,"IBFC","GCM (João Pessoa)/Pref João Pessoa/2012",2012,VALIDA,14,true,
1254876,913,"CAIPIMES","Psic (Pref St André)/Pref Santo André/2012",2012,VALIDA,14,true,
2035405,914,"FEPESE","Ass Soc (FCEE)/FCEE/2012",2012,VALIDA,14,true,
1254877,915,"CAIPIMES","Psic (Pref St André)/Pref Santo André/2012",2012,VALIDA,14,true,
579386,917,"FCC","ATB (SEE MG)/SEE MG/2012",2012,VALIDA_COM_RESSALVA,14,true,"Typo no enunciado: ""Lei no 1.340/2006"" -- falta o ""1"" inicial (deveria ser 11.340/2006). Conteudo e gabarito (A) corretos; precisa de correcao de texto."
432450,918,"FCC","Sold (PM BA)/PM BA/2012",2012,VALIDA,14,true,
1247793,919,"FCC","ASPM (PM MG)/PM MG/2012",2012,VALIDA,14,true,
1254845,920,"CAIPIMES","Psic (Pref St André)/Pref Santo André/2012",2012,VALIDA,14,true,
802381,922,"FGR","GM (Pref Congonhas)/Pref Congonhas/2012",2012,VALIDA,14,true,
1750994,923,"Marinha","QT (Marinha)/Marinha/Serviço Social/2011",2011,VALIDA,14,true,
1020587,924,"MS (SARMENTO)","GM (Pref Pelotas)/Pref Pelotas/2011",2011,VALIDA,14,true,
3255691,925,"PRÓ-MUNICÍPIO","Soci (Pref Maracanaú)/Pref Maracanaú/2011",2011,VALIDA,14,true,
2951436,927,"COPS UEL","AgUniProf (UEL)/UEL/Cirurgião Dentista/2010",2010,VALIDA_COM_RESSALVA,14,true,"Lista fechada das 5 modalidades sem hedge (""tem por objetivo coibir a violencia domestica... em suas formas fisica, psicologica, sexual, patrimonial e moral""), mas nenhuma das outras 4 alternativas sequer tenta listar tipos de violencia (tratam de mercado de trabalho, perseguicao politica, guerra, representacao politica) -- D continua o unico topicamente correto. Precisa de nota sobre o inciso VI."
455025,928,"CEBRASPE (CESPE)","Of (PM DF)/PM DF/Especialista/Manutenção em Comunicações/2010",2010,VALIDA,14,true,
247646,929,"FUNIVERSA","Ana MP (MPE GO)/MPE GO/Analista em Serviço Social/2010",2010,VALIDA,14,true,
2810408,930,"FCC","Ag Pen (SEAP BA)/SEAP BA/2010",2010,VALIDA,14,true,
455024,932,"CEBRASPE (CESPE)","Of (PM DF)/PM DF/Administração/2010",2010,VALIDA,14,true,
490369,933,"CRS (PM MG)","Of (PM MG)/PM MG/Cadete/2010",2010,VALIDA,14,true,
1513998,934,"FCC","Ass Jur (TJ PI)/TJ PI/Gabinete de Juiz de Entrância Final/2010",2010,VALIDA,14,true,
2723775,935,"IDECAN","Educ (Pref Ipatinga)/Pref Ipatinga/Social/2010",2010,VALIDA_COM_RESSALVA,14,true,"Gabarito D (""politica publica... conjunto articulado de acoes da Uniao, Estados, DF e Municipios e acoes nao-governamentais"", art.8 caput) esta correto, mas a alternativa E (""respeito, nos meios de comunicacao social, dos valores eticos... constitui um objetivo da politica publica"") tambem parece um resumo razoavelmente fiel do art.8, III (uma das diretrizes). A diferenca entre as duas nao e tao nitida quanto pareceu a primeira vista -- precisa de atencao ao redigir a explicacao para justificar D sobre E sem tratar E como simplesmente errada."
814013,936,"NUCEPE UESPI","Ana Min (MPE PI)/MPE PI/Saúde/Assistente Social/2009",2009,VALIDA,14,true,
1714665,937,"CCC IFCE","Ass Soc (IF CE)/IF CE/2009",2009,VALIDA,14,true,
1517396,938,"FCC","AJ (TJ SE)/TJ SE/Psicologia/2009",2009,VALIDA,14,true,
1850573,939,"ITCO","Ass Soc (UFTM)/UFTM/2009",2009,VALIDA,14,true,
1714489,942,"CCC IFCE","Ass (IF CE)/IF CE/Alunos/2009",2009,VALIDA,14,true,
686025,944,"FCC","Prom Jus (MPE PE)/MPE PE/2008",2008,VALIDA,14,true,
1060353,948,"INSTITUTO OPET","Asst (CM Curitiba)/CM Curitiba/Social/2007",2007,VALIDA,14,true,
3949276,958,"IBFC","Prof (SEC BA)/SEC BA/Orientador de Estágio em Saúde/Enfermagem/2026",2026,VALIDA,14,true,
3986713,959,"FCC","Ana (MPE AL)/MPE AL/Assistência Social/2026",2026,VALIDA,14,true,
3542689,963,"IBADE","ASoc EEC (Pref Rolim de Moura)/Pref Rolim de Moura/2025",2025,VALIDA,14,true,
3606498,966,"CEBRASPE (CESPE)","AJ (TJ PA)/TJ PA/Serviço Social/2025",2025,VALIDA,14,true,
3606496,968,"CEBRASPE (CESPE)","AJ (TJ PA)/TJ PA/Serviço Social/2025",2025,VALIDA,14,true,
3750104,977,"FUNDATEC","Of Adm (Pref Soledade (RS))/Pref Soledade (RS)/2025",2025,VALIDA,14,true,
3764647,986,"CEV UECE","GCM (Pref Tauá)/Pref Tauá/2025",2025,VALIDA_COM_RESSALVA,14,true,"O enunciado descreve o gatilho do afastamento do agressor (art.12-C) apenas como ""risco atual ou iminente a vida ou a integridade fisica ou psicologica"" -- essa e a redacao anterior a ampliacao de 2026. A redacao vigente (Lei 15.411/2026) ampliou o rol de riscos cobertos para integridade fisica, sexual, psicologica, moral ou patrimonial -- uma enumeracao especifica dessas cinco modalidades, NAO uma referencia generica a ""todas as formas do art.7"". A violencia vicaria (inciso VI) NAO aparece nominalmente nesse rol ampliado. Isso nao muda o nucleo testado pelo gabarito (A, competencia do delegado de policia quando o municipio nao for sede de comarca, que permanece inalterada pela emenda de 2026 -- ela mudou o rol de riscos cobertos, nao a quem compete a medida), mas o enunciado precisa de nota atualizando a descricao do criterio de risco com precisao (fisica, sexual, psicologica, moral, patrimonial -- sem incluir vicaria nessa lista especifica) antes de fundamentar a futura explicacao."
3623830,988,"FUNDATEC","Ag Adm Sau (Pref Lajeado)/Pref Lajeado (RS)/2025",2025,VALIDA,14,true,
3852897,990,"FUNDATEC","OGM (Pref Imbé)/Pref Imbé/2025",2025,VALIDA,14,true,
3559251,993,"COGEPS UNIOESTE","GCM (Pref SM do Iguaçu)/Pref SM do Iguaçu/2025",2025,VALIDA,14,true,
3746791,997,"FGV","Ana Leg (ALEAM)/ALEAM/Psicólogo/2025",2025,VALIDA,14,true,
3746495,998,"FGV","Ana Leg (ALEAM)/ALEAM/Psicólogo/2025",2025,VALIDA,14,true,